api/test_blocking.jl	8.943
api/test_blocking_idempotence.jl	9.097
api/test_builders.jl	5.751
api/test_dual.jl	2.517
api/test_predicates.jl	6.622
api/test_regions.jl	3.306
api/test_scaling.jl	3.24
api/test_symmetry.jl	4.773
aqua	10.312
core/test_api_gap_lc_impl.jl	2.368
core/test_bipartite.jl	0.64
core/test_brillouin_zone.jl	5.214
core/test_build_lattice.jl	2.89
core/test_connection_steps_inference.jl	1.676
core/test_coordinate_api.jl	0.715
core/test_dice_and_bond_type.jl	6.377
core/test_element_cache.jl	6.251
core/test_latticecore_api.jl	1.108
core/test_plaquette_introspection.jl	0.676
core/test_plaquettes.jl	2.021
core/test_plots_ext_bonds.jl	6.314
core/test_plots_ext_state.jl	5.679
core/test_reciprocal_vectors.jl	1.258
core/test_shell_neighbors.jl	3.64
core/test_structure_factor_fft.jl	5.262
core/test_sublattice_layout.jl	0.291
disorder/test_dilution.jl	2.13
lattices/test_dice.jl	0.407
lattices/test_honeycomb.jl	0.517
lattices/test_kagome.jl	0.39
lattices/test_lieb.jl	0.995
lattices/test_plaquette_orbits.jl	1.945
lattices/test_shastrysutherland.jl	0.138
lattices/test_square.jl	0.385
lattices/test_translation_cell.jl	6.139
lattices/test_triangular.jl	0.126
lattices/test_unionjack.jl	0.128
utils/test_iterator.jl	0.332
